Date,open,high,low,Close,volume
2015-01-02,25.4538,25.6106,25.2969,25.4164,2555854
2015-01-05,24.7741,24.86,24.4231,24.5202,5437552
2015-01-06,24.5948,24.7293,24.2811,24.3633,4899822
2015-01-07,24.5351,24.6247,24.2363,24.5276,4918781
2015-01-08,25.1849,25.5583,25.1102,25.3865,4965265
2015-01-09,25.4986,25.5733,25.3156,25.4015,5909450
2015-01-12,25.6479,25.7376,25.5359,25.633,3992638
2015-01-13,25.9318,26.0587,25.4911,25.76,3879217
2015-01-14,25.633,25.7748,25.4911,25.7002,3726579
2015-01-15,25.6479,25.8347,25.506,25.6293,4056888
2015-01-16,25.8571,25.9168,25.6479,25.8347,3619711
2015-01-20,26.0289,26.2156,25.8944,26.1558,4179893
2015-01-21,26.4247,26.9251,26.3351,26.9102,5049187
2015-01-22,26.6338,26.94,26.5965,26.8952,4374895
2015-01-23,26.8803,26.9774,26.7309,26.8355,3023316
2015-01-26,26.7608,27.0073,26.6637,26.8952,2831506
2015-01-27,26.6936,27.0109,26.6114,26.8205,2544272
2015-01-28,26.94,26.955,26.5218,26.5442,3307774
2015-01-29,26.8131,26.8952,26.5293,26.843,3744325
2015-01-30,26.4546,26.5069,26.2081,26.238,4441372
2015-02-02,26.0438,26.3201,25.9691,26.2753,3619425
2015-02-03,26.4396,26.8728,26.4172,26.8205,3197217
2015-02-04,26.5815,26.8878,26.5741,26.701,4392022
2015-02-05,26.3874,26.4023,26.1708,26.2753,4666779
2015-02-06,26.2977,26.4695,26.1409,26.2081,3409109
2015-02-09,25.9392,26.0587,25.8421,25.9168,3419968
2015-02-10,26.1782,26.3874,26.0401,26.3201,4818516
2015-02-11,26.1409,26.2081,26.0289,26.1633,2161190
2015-02-12,26.4471,26.6712,26.3649,26.6712,3253108
2015-02-13,26.6114,26.8094,26.589,26.7757,2189369
2015-02-17,26.462,26.5815,26.411,26.4919,2263204
2015-02-18,26.1334,26.2148,25.8387,26.0289,3887008
2015-02-19,26.1409,26.3799,26.0363,26.3052,2559301
2015-02-20,26.4844,26.8504,26.3874,26.8205,5535140
2015-02-23,26.7533,26.9102,26.6786,26.8728,3230269
2015-02-24,26.0438,26.1484,25.8496,25.999,6081005
2015-02-25,25.8496,25.9297,25.6964,25.8459,3518205
2015-02-26,25.7674,25.872,25.7002,25.8272,2585901
2015-02-27,25.8048,25.9392,25.7525,25.8123,2266557
2015-03-02,25.8496,25.8571,25.7077,25.8272,2197059
2015-03-03,25.8571,25.9243,25.7749,25.8571,2567003
2015-03-04,25.872,25.9168,25.6704,25.8421,2383141
2015-03-05,25.7899,25.8496,25.6106,25.6703,3033699
2015-03-06,25.0803,25.1177,24.5388,24.6247,5290359
2015-03-09,24.7741,24.804,24.6172,24.6621,2553602
2015-03-10,24.6172,24.6172,24.2214,24.2363,3248801
2015-03-11,24.2811,24.311,24.072,24.1243,4611283
2015-03-12,24.3633,24.3857,24.0347,24.199,3519211
2015-03-13,24.0496,24.2102,23.9525,24.1766,2838680
2015-03-16,24.4231,24.6509,24.3634,24.5724,3253241
2015-03-17,24.2214,24.438,24.2214,24.4231,2543912
2015-03-18,24.6695,25.1177,24.5612,25.043,5579677
2015-03-19,24.9384,24.9982,24.7069,24.7592,3743600
2015-03-20,25.2596,25.5733,25.1401,25.3641,5297441
2015-03-23,25.3268,25.394,25.2073,25.3044,2523367
2015-03-24,25.3193,25.4015,25.0206,25.0579,3167559
2015-03-25,25.1102,25.1251,24.8114,24.8264,4283821
2015-03-26,24.9683,25.0131,24.7367,24.7965,3658755
2015-03-27,25.1251,25.1699,24.9085,24.9907,3314073
2015-03-30,24.7069,24.8936,24.7069,24.8114,2715338
2015-03-31,24.3633,24.5874,24.3334,24.4081,3545141
2015-04-01,24.311,24.4679,24.2587,24.4305,3681419
2015-04-02,24.438,24.6621,24.4006,24.565,2497150
2015-04-06,24.4828,24.7592,24.4679,24.6695,2192608
2015-04-07,24.9907,25.0579,24.7741,24.7741,2795220
2015-04-08,24.9832,25.043,24.6845,24.7965,2737751
2015-04-09,24.8562,24.9459,24.7592,24.8114,1983045
2015-04-10,24.7741,25.0952,24.7741,25.043,3094205
2015-04-13,24.9011,25.1102,24.9011,24.9085,2531466
2015-04-14,25.3193,25.3865,25.1961,25.3492,3649035
2015-04-15,25.2073,25.2969,25.0803,25.2596,3375020
2015-04-16,25.4388,25.4463,25.2678,25.3641,2498887
2015-04-17,25.3716,25.3865,25.1251,25.3118,3338619
2015-04-20,25.3567,25.4762,25.2372,25.3865,2207102
2015-04-21,25.2745,25.4089,25.1886,25.3567,2441087
2015-04-22,25.3791,25.5957,25.3193,25.5434,2663612
2015-04-23,25.76,25.9467,25.6816,25.9019,3492210
2015-04-24,26.4322,26.4396,26.2305,26.2903,3392031
2015-04-27,26.3724,26.4322,26.2454,26.2679,2913794
2015-04-28,26.1185,26.35,26.0214,26.3276,2727360
2015-04-29,26.6413,26.7642,26.4498,26.604,3731797
2015-04-30,26.3799,26.4695,26.223,26.2903,2695213
2015-05-01,26.1259,26.1409,25.8944,26.0886,1896470
2015-05-04,26.1782,26.2156,26.111,26.1633,1402107
2015-05-05,26.1259,26.1932,25.8944,25.9542,6245455
2015-05-06,26.4172,26.477,26.2006,26.3425,4995940
2015-05-07,26.3201,26.4247,26.1035,26.3052,2747572
2015-05-08,26.6562,26.8803,26.589,26.7757,3442249
2015-05-11,27.2911,27.3831,27.0894,27.1716,5269328
2015-05-12,27.2388,27.3956,27.1566,27.2388,4268803
2015-05-13,27.6272,27.6944,27.4853,27.56,6594323
2015-05-14,27.7019,27.7467,27.5525,27.5824,4833087
2015-05-15,27.5824,27.672,27.4703,27.6645,2905829
2015-05-18,27.3508,27.433,27.2313,27.2687,3898086
2015-05-19,26.1633,27.1193,26.0139,27.0371,11173236
2015-05-20,27.4554,27.8064,27.3983,27.7392,5932862
2015-05-21,28.1724,28.8894,28.15,28.8894,10045163
2015-05-22,29.1956,29.472,29.1807,29.2853,9605385
2015-05-26,29.2479,29.2822,28.6832,28.867,4789401
2015-05-27,28.8147,29.0089,28.7027,28.867,2889336
2015-05-28,28.74,29.3077,28.6541,29.2629,4136910
2015-05-29,29.3375,29.3973,29.0014,29.1508,3681749
2015-06-01,29.1284,29.2479,28.7475,28.9865,4016251
2015-06-02,29.0911,29.2778,28.8371,28.867,4528566
2015-06-03,28.5757,28.7326,28.4338,28.5683,6825899
2015-06-04,28.5234,28.6504,28.0678,28.1649,6013240
2015-06-05,27.5525,27.784,27.5151,27.672,4786418
2015-06-08,27.8961,27.9707,27.7019,27.799,7198736
2015-06-09,27.672,27.8662,27.4741,27.7691,4280522
2015-06-10,28.0632,28.3716,27.9783,28.1788,4662854
2015-06-11,28.1788,28.4179,28.1209,28.2405,4938263
2015-06-12,28.04,28.1711,27.9398,28.0439,2691170
2015-06-15,27.7855,27.8696,27.6467,27.7855,2304503
2015-06-16,27.9937,28.2095,27.9166,28.1634,2842877
2015-06-17,28.0863,28.1248,27.8318,27.9706,3629709
2015-06-18,28.2945,28.6878,28.2559,28.5876,4333163
2015-06-19,28.5104,28.7688,28.4642,28.495,3676200
2015-06-22,29.1582,29.2508,28.9731,28.9886,3203047
2015-06-23,29.2893,29.4127,29.1505,29.1505,2583097
2015-06-24,29.0117,29.0503,28.8498,28.896,2414145
2015-06-25,29.0657,29.1042,28.8729,28.9037,2240530
2015-06-26,28.8266,28.9577,28.5644,28.6878,2589702
2015-06-29,28.3176,28.4565,28.094,28.1557,3835703
2015-06-30,28.2868,28.2868,27.8395,28.1094,5945514
2015-07-01,28.3331,28.3716,28.121,28.1711,2442492
2015-07-02,28.3408,28.4102,28.2791,28.2868,2082997
2015-07-06,27.7855,27.9321,27.666,27.747,2722697
2015-07-07,27.3691,27.5118,26.8293,27.4848,7086702
2015-07-08,27.1069,27.238,26.9681,27.0799,3280980
2015-07-09,27.4077,27.4848,27.2766,27.292,3116911
2015-07-10,28.0709,28.2097,27.986,28.1171,4828577
2015-07-13,28.3176,28.4179,28.1865,28.2097,2438746
2015-07-14,28.3485,28.5953,28.3099,28.5259,2244646
2015-07-15,28.4642,28.4719,28.2097,28.3639,3986729
2015-07-16,28.5181,28.646,28.4642,28.5644,2982078
2015-07-17,28.4873,28.6184,28.3639,28.549,2294314
2015-07-20,28.5644,28.8035,28.4807,28.6955,3802152
2015-07-21,28.3948,28.4025,28.1711,28.2328,2451041
2015-07-22,28.04,28.1788,27.9937,28.1017,1809541
2015-07-23,27.9398,27.9552,27.7238,27.9089,4155631
2015-07-24,28.657,28.8035,28.3485,28.4642,4396984
2015-07-27,28.3099,28.4179,28.1557,28.2328,3431996
2015-07-28,28.2868,28.495,28.2097,28.4333,2508492
2015-07-29,29.004,29.2276,28.9037,29.004,3972739
2015-07-30,28.9731,29.2315,28.7803,29.1274,3200876
2015-07-31,29.1814,29.2893,29.0888,29.1351,2633279
2015-08-03,29.1197,29.1274,28.7572,28.9654,2577020
2015-08-04,29.1351,29.1659,28.9654,29.0194,2023943
2015-08-05,29.3664,29.6364,29.3357,29.4975,3092253
2015-08-06,29.5207,29.5554,29.1898,29.2585,3046625
2015-08-07,29.0348,29.0965,28.8343,29.0811,4455325
2015-08-10,29.0117,29.3819,28.99,29.2816,3720854
2015-08-11,29.0734,29.1814,28.8498,28.9654,2281084
2015-08-12,28.6801,28.8575,28.3523,28.8575,4230254
2015-08-13,28.7803,28.9192,28.7032,28.7649,1774281
2015-08-14,28.7495,28.9547,28.7148,28.9423,2064544
2015-08-17,28.6492,28.9577,28.5876,28.8806,1675189
2015-08-18,28.9654,29.0503,28.8613,28.9577,1302637
2015-08-19,28.8112,28.8112,28.2443,28.5104,2682021
2015-08-20,28.3254,28.3793,27.9012,27.9012,3324725
2015-08-21,27.5465,27.7084,26.8524,26.8524,4844068
2015-08-24,25.8267,26.5208,25.4951,25.7573,12124865
2015-08-25,26.9835,26.9989,25.6879,25.7111,8105557
2015-08-26,26.5208,26.5285,25.6686,26.4051,7260973
2015-08-27,26.6596,26.8987,26.4745,26.8524,5392161
2015-08-28,26.6133,26.9604,26.5362,26.8755,3536785
2015-08-31,26.7522,26.7599,26.4283,26.5902,2596639
2015-09-01,26.035,26.1892,25.8653,25.9578,4844951
2015-09-02,26.49,26.4977,26.0812,26.49,4066949
2015-09-03,26.6133,26.7798,26.4899,26.5439,3306992
2015-09-04,26.2817,26.3203,25.981,26.1352,3032333
2015-09-08,27.2149,27.2534,26.8293,27.0838,2959866
2015-09-09,27.4848,27.5079,26.8447,26.891,3089997
2015-09-10,27.1223,27.2843,27.0066,27.1532,3697155
2015-09-11,26.5208,26.7753,26.4822,26.7522,4013510
2015-09-14,26.3743,26.5439,26.2432,26.4437,2895341
2015-09-15,25.8113,26.1275,25.8036,26.0195,7054643
2015-09-16,26.274,26.3974,26.2278,26.3743,2901577
2015-09-17,25.9964,26.3511,25.8961,26.1044,4205180
2015-09-18,25.9424,26.2278,25.8884,25.9655,4252659
2015-09-21,26.1121,26.1545,25.8344,26.0427,2474380
2015-09-22,25.4103,25.5028,25.1823,25.418,4032096
2015-09-23,25.5877,25.6725,25.3872,25.4566,4266560
2015-09-24,25.0401,25.3563,24.8936,25.2329,4144225
2015-09-25,25.6571,25.6648,25.1558,25.31,6489122
2015-09-28,24.5466,24.616,23.9605,23.999,8289611
2015-09-29,24.2227,24.2304,23.6983,23.8294,13415016
2015-09-30,24.2304,24.4926,24.1147,24.4772,15795784
2015-10-01,23.9913,24.161,23.6829,23.9065,5867525
2015-10-02,23.6674,24.6044,23.5826,24.5929,5632686
2015-10-05,24.8628,25.0454,24.8242,24.9707,3400524
2015-10-06,24.9862,25.0594,24.909,24.9784,3280411
2015-10-07,24.8396,24.9977,24.6083,24.7471,5905951
2015-10-08,24.562,25.017,24.5312,24.9939,4539049
2015-10-09,25.0633,25.1789,24.8782,24.9245,2647408
2015-10-12,24.9245,24.9746,24.8319,24.9167,1656715
2015-10-13,24.5157,24.8088,24.4887,24.5157,2905743
2015-10-14,24.5466,24.562,24.2497,24.4926,5892641
2015-10-15,24.5774,24.8396,24.5466,24.7008,4407103
2015-10-16,24.9013,24.9476,24.7856,24.8628,4031427
2015-10-19,24.9553,24.9672,24.724,24.7856,2278395
2015-10-20,24.8473,24.9013,24.7779,24.8319,2774196
2015-10-21,24.8165,24.9322,24.6006,24.6237,2313007
2015-10-22,25.5028,25.7573,25.3872,25.6108,4679625
2015-10-23,25.8576,25.8611,25.6571,25.7419,2945550
2015-10-26,25.7265,25.7612,25.5915,25.6571,1734375
2015-10-27,25.4489,25.472,25.2676,25.418,2602726
2015-10-28,25.526,25.8344,25.4643,25.7573,2618549
2015-10-29,25.5028,25.5954,25.3563,25.4489,2259393
2015-10-30,25.1789,25.5838,25.1789,25.4257,2358828
2015-11-02,25.472,25.6339,25.4412,25.6108,2738831
2015-11-03,25.2792,25.7882,25.2715,25.6185,4168783
2015-11-04,25.9116,25.927,25.5453,25.7265,2821352
2015-11-05,25.5645,25.6571,25.3833,25.4951,2562492
2015-11-06,25.1635,25.2985,24.9707,25.1867,2918274
2015-11-09,25.1712,25.2167,24.8165,24.9167,2383990
2015-11-10,26.0581,26.1738,25.819,25.981,6696750
2015-11-11,26.2046,26.7195,26.1892,26.5439,4307171
2015-11-12,26.1429,26.1738,25.8653,25.8961,3183084
2015-11-13,25.8036,25.8961,25.6224,25.6879,2030868
2015-11-16,25.7188,26.0812,25.6956,26.0581,2787445
2015-11-17,26.3203,26.4205,26.1545,26.2702,3433610
2015-11-18,26.5655,26.7086,26.486,26.6847,3692472
2015-11-19,26.9946,27.0447,26.7006,26.788,5273514
2015-11-20,27.1853,27.1853,26.8198,26.8754,3064556
2015-11-23,26.7642,26.9469,26.4224,26.5019,2969520
2015-11-24,26.1682,26.3112,26.1523,26.2476,2650865
2015-11-25,26.7483,26.8118,26.5973,26.7721,3424245
2015-11-27,27.0184,27.0184,26.8277,26.8675,1686472
2015-11-30,26.8516,26.9549,26.6291,26.6688,3359580
2015-12-01,26.7483,26.7721,26.4701,26.5973,2591104
2015-12-02,26.4304,26.4622,26.1443,26.192,3009272
2015-12-03,26.2953,26.3191,25.8026,25.9377,4312495
2015-12-04,25.89,26.1602,25.7788,26.1284,4728323
2015-12-07,26.1523,26.4304,26.0251,26.3986,6156686
2015-12-08,25.7788,26.0251,25.7033,25.8662,6327432
2015-12-09,26.0172,26.1443,25.5642,25.7708,3680629
2015-12-10,25.7231,25.7708,25.4847,25.5006,3223667
2015-12-11,25.294,25.3417,24.996,25.0358,3507149
2015-12-14,25.0715,25.1113,24.4918,24.7934,3921086
2015-12-15,25.143,25.2464,24.9762,25.008,3748184
2015-12-16,25.6278,25.6953,25.1669,25.6755,3551617
2015-12-17,25.6834,25.6914,25.2265,25.2742,3854881
2015-12-18,25.1828,25.2305,24.8013,24.8093,3919630
2015-12-21,25.1272,25.1589,24.7616,24.9007,2795850
2015-12-22,24.9523,25.0119,24.7696,24.9603,2397518
2015-12-23,25.3576,25.5555,25.3497,25.5245,3833216
2015-12-24,25.5563,25.6119,25.4291,25.4768,1031750
2015-12-28,25.3338,25.4291,25.2622,25.3656,2242430
2015-12-29,25.5324,25.7827,25.4689,25.747,2558018
2015-12-30,25.5642,25.6834,25.4768,25.5245,2224362
2015-12-31,26.0807,26.1284,25.5522,25.6357,3019395
2016-01-04,25.5245,25.596,25.0993,25.5801,4594934
2016-01-05,25.6914,25.6914,25.445,25.6159,2857985
2016-01-06,25.453,25.4927,25.2265,25.3735,2633115
2016-01-07,25.0397,25.3775,25.0001,25.1351,4856954
2016-01-08,26.0251,26.3191,25.7469,25.8582,8733798
2016-01-11,25.8662,25.8821,25.3417,25.5483,6157444
2016-01-12,25.4847,25.6,25.2146,25.5483,3970323
2016-01-13,25.596,25.6596,25.0159,25.0397,4178524
2016-01-14,25.1351,25.4927,24.9046,25.3338,3403513
2016-01-15,24.4517,24.7378,24.2451,24.4676,4025201
2016-01-19,24.3961,24.5153,24.2371,24.3881,5185329
2016-01-20,23.9828,24.0544,23.3048,23.8795,5153265
2016-01-21,23.7444,24.3881,23.5537,24.1736,3533131
2016-01-22,24.7934,25.1987,24.7298,25.0954,3898215
2016-01-25,24.7934,24.9126,24.5868,24.6265,3367190
2016-01-26,24.7537,26.5019,24.7219,25.151,4462167
2016-01-27,25.1192,25.4847,24.9444,25.1113,3427507
2016-01-28,24.8729,24.9841,24.4994,24.8331,4621278
2016-01-29,25.0,25.6277,24.9841,25.5881,3936082
2016-02-01,25.3735,26.1761,25.3576,26.0013,3341337
2016-02-02,25.6437,25.6437,25.2464,25.3457,3795769
2016-02-03,25.0238,25.2305,24.6186,25.0954,5189343
2016-02-04,24.4596,24.6663,24.2928,24.555,7062769
2016-02-05,24.3563,24.404,23.8239,23.959,5522974
2016-02-08,23.4107,23.4266,22.9101,23.1961,5067270
2016-02-09,22.9736,23.3781,22.972,23.2359,4243417
2016-02-10,23.2915,23.5458,23.1723,23.3312,4350778
2016-02-11,23.3074,23.4464,23.069,23.2597,4805042
2016-02-12,23.4584,23.8,23.371,23.7603,3116496
2016-02-16,23.8001,24.1736,23.7603,24.0464,4037923
2016-02-17,24.6345,24.8888,24.555,24.706,4313758
2016-02-18,24.706,24.7537,24.5709,24.6027,3522775
2016-02-19,24.2133,24.4279,24.0861,24.2928,2691414
2016-02-22,24.1974,24.3881,24.1855,24.3563,3173879
2016-02-23,24.0861,24.1656,23.8199,23.8636,2931495
2016-02-24,23.5935,23.8319,23.4027,23.7524,5248920
2016-02-25,24.1179,24.4676,23.9034,24.3762,3390362
2016-02-26,24.1895,24.2689,24.0782,24.1577,2360594
2016-02-29,24.0544,24.4279,24.0385,24.1577,2404910
2016-03-01,24.5471,24.9126,24.4755,24.9126,2368679
2016-03-02,24.6901,24.9285,24.5868,24.9126,2163212
2016-03-03,24.9046,25.0874,24.7934,25.0397,2100102
2016-03-04,25.1669,25.2185,24.9789,25.0874,2131012
2016-03-07,24.4755,24.8729,24.3881,24.7378,2485167
2016-03-08,24.698,24.7774,24.5232,24.6106,1929645
2016-03-09,24.555,24.6424,24.3802,24.4318,2410484
2016-03-10,24.4835,24.6663,24.0782,24.2928,2494122
2016-03-11,24.6901,25.0238,24.6663,25.0159,2462681
2016-03-14,25.0954,25.1788,25.0397,25.0795,3591572
2016-03-15,24.9205,24.9364,24.7855,24.857,3420860
2016-03-16,24.7298,25.0874,24.6901,25.0556,2334221
2016-03-17,25.2146,25.453,25.0477,25.3894,2474335
2016-03-18,25.445,25.453,25.0556,25.0795,2490454
2016-03-21,24.8252,25.1033,24.8093,24.9841,2877328
2016-03-22,24.5471,24.8808,24.5391,24.8252,2934080
2016-03-23,24.8729,24.9126,24.8013,24.8411,1953059
2016-03-24,24.6345,24.8848,24.5868,24.8729,1831976
2016-03-28,25.0795,25.0874,24.8331,24.9841,1380352
2016-03-29,24.849,25.3338,24.7353,25.2543,3174297
2016-03-30,25.5881,25.7549,25.4967,25.5086,3218204
2016-03-31,25.4609,25.5943,25.3656,25.4689,2795231
2016-04-01,24.8888,25.294,24.8172,25.2146,3741121
2016-04-04,25.143,25.3099,25.0437,25.2225,4168566
2016-04-05,24.7855,24.849,24.2411,24.3643,5177336
2016-04-06,24.5471,24.9285,24.4874,24.9046,3116977
2016-04-07,24.9444,25.1907,24.8888,25.1748,7020269
2016-04-08,25.4927,25.8423,25.4847,25.6039,5304461
2016-04-11,25.8265,25.8662,25.5761,25.5881,3697986
2016-04-12,25.7311,25.9933,25.5563,25.9377,2476295
2016-04-13,25.8265,25.898,25.6914,25.7947,2195471
2016-04-14,25.5801,25.7788,25.5205,25.7073,1977732
2016-04-15,25.9218,26.1761,25.89,26.0887,2672094
2016-04-18,25.8344,26.1443,25.8344,26.1443,2997907
2016-04-19,26.645,26.9072,26.5416,26.8754,3416867
2016-04-20,26.7324,26.8992,26.7085,26.7483,3477221
2016-04-21,26.8039,26.8039,26.4463,26.5575,3059759
2016-04-22,26.192,26.4701,26.1602,26.4701,3521223
2016-04-25,26.2715,26.5496,26.1721,26.5258,2111611
2016-04-26,26.5099,26.645,26.4185,26.5416,2736211
2016-04-27,26.2635,26.5178,26.1403,26.4383,3661698
2016-04-28,26.1284,26.4224,26.1046,26.2079,5205318
2016-04-29,25.9139,26.0887,25.8483,26.0172,4655101
2016-05-02,26.041,26.2397,26.041,26.2317,2528470
2016-05-03,26.1841,26.2079,25.8543,25.9457,2459094
2016-05-04,25.4609,25.592,25.3735,25.5324,4494650
2016-05-05,25.5086,25.7867,25.445,25.6278,3299929
2016-05-06,25.3973,25.6278,25.2622,25.6198,1895942
2016-05-09,25.596,25.6119,25.3814,25.4927,1916628
2016-05-10,25.5801,25.9377,25.5483,25.9059,1762005
2016-05-11,25.9298,26.0569,25.8185,25.8423,2433542
2016-05-12,26.2476,26.3032,25.9655,26.0966,2639823
2016-05-13,25.7867,26.0308,25.7867,25.8503,2977294
2016-05-16,25.8106,26.045,25.8106,26.0172,3091000
2016-05-17,26.5893,26.8357,26.4026,26.6847,7990545
2016-05-18,26.9469,27.384,26.8834,27.1217,7438830
2016-05-19,26.8595,26.8834,26.4741,26.7244,3641473
2016-05-20,26.78,26.9549,26.7403,26.7562,3848192
2016-05-23,26.4145,26.4781,26.2953,26.3271,3379103
2016-05-24,26.5734,26.8357,26.5575,26.8198,2371094
2016-05-25,27.0661,27.2648,27.0343,27.1694,3023590
2016-05-26,27.2966,27.5588,27.241,27.4078,3395937
2016-05-27,27.2807,27.5747,27.2648,27.5668,3643300
2016-05-31,27.4078,27.4635,26.9072,27.0105,3302266
2016-06-01,26.4781,26.8039,26.4622,26.78,2848113
2016-06-02,26.6608,26.8675,26.6291,26.8516,3152755
2016-06-03,26.788,26.8834,26.5814,26.8754,2066707
2016-06-06,26.8436,27.1138,26.8357,27.0304,3257137
2016-06-07,27.0423,27.2251,27.0343,27.1615,3062163
2016-06-08,27.7927,27.8813,27.7084,27.7927,3084462
2016-06-09,27.43,27.4975,27.0969,27.1686,4424761
2016-06-10,26.3166,26.4632,26.1479,26.2913,6302751
2016-06-13,25.7346,25.9455,25.7262,25.8443,8068582
2016-06-14,25.6081,25.7009,25.2876,25.5744,8483995
2016-06-15,25.7599,25.9202,25.5406,25.6081,4878552
2016-06-16,25.237,25.7346,24.9755,25.7093,6833337
2016-06-17,25.9033,26.0973,25.6925,26.072,5941549
2016-06-20,27.2023,27.274,26.848,26.8818,6783097
2016-06-21,26.789,27.0505,26.6709,26.8565,4487666
2016-06-22,27.042,27.3794,26.9914,27.0083,5006666
2016-06-23,27.5481,27.565,27.1095,27.3879,6181384
2016-06-24,25.1105,25.9624,25.0936,25.4478,16825864
2016-06-27,24.132,24.296,23.55,23.879,18411370
2016-06-28,25.0936,25.0936,24.714,25.0177,10138078
2016-06-29,25.5912,25.7262,25.3466,25.4057,8958308
2016-06-30,25.4057,26.0552,25.3382,26.0552,6282616
2016-07-01,25.9455,26.0854,25.8865,26.0214,3344003
2016-07-05,25.4225,25.6587,25.4057,25.4985,4424295
2016-07-06,24.8152,25.1273,24.6128,25.1105,5892059
2016-07-07,25.3129,25.3255,24.8658,24.9755,3904129
2016-07-08,25.3888,25.3988,25.2347,25.2792,3638882
2016-07-11,25.4141,25.8021,25.3692,25.6925,5453010
2016-07-12,25.625,26.1479,25.5153,26.0636,10454773
2016-07-13,25.8443,26.1479,25.8105,25.8105,5856817
2016-07-14,26.0383,26.0594,25.7768,25.9033,4644284
2016-07-15,25.7937,25.9021,25.6874,25.8527,4187448
2016-07-18,25.6587,25.8021,25.5153,25.7178,5260398
2016-07-19,25.3972,25.4816,25.1948,25.2707,5673591
2016-07-20,25.3719,25.5069,25.2749,25.4478,2939320
2016-07-21,25.2707,25.5659,25.2285,25.3972,3594411
2016-07-22,26.3757,26.5359,26.3419,26.4347,7019229
2016-07-25,26.3166,26.5106,26.2618,26.4263,3759471
2016-07-26,26.2998,26.3974,26.0552,26.1901,2788624
2016-07-27,26.3166,26.3841,26.0045,26.2492,3041019
2016-07-28,26.0299,26.0467,25.8359,25.9708,3947858
2016-07-29,25.8696,26.1814,25.7515,26.0636,2658415
2016-08-01,25.9118,26.1732,25.878,25.9371,2569424
2016-08-02,25.9033,25.9877,25.7768,25.9624,3727969
2016-08-03,25.8696,26.3251,25.8612,26.3082,6296966
2016-08-04,26.1058,26.2492,25.9792,26.1901,4532953
2016-08-05,26.1058,26.2998,26.0552,26.2492,3295036
2016-08-08,25.8949,26.1606,25.8865,26.0805,4888125
2016-08-09,25.8274,26.1058,25.8021,26.0383,3543242
2016-08-10,25.9455,26.0214,25.8443,25.9455,3339998
2016-08-11,26.0636,26.4263,26.013,26.3419,3393143
2016-08-12,26.4685,26.5444,26.304,26.3251,2034032
2016-08-15,26.3335,26.5106,26.3082,26.4347,4249414
2016-08-16,26.3166,26.46,26.266,26.3251,3663110
2016-08-17,26.5022,26.5106,26.2239,26.4432,2258985
2016-08-18,26.46,26.7299,26.4263,26.7215,2824117
2016-08-19,26.3672,26.46,26.2154,26.4094,3386252
2016-08-22,26.3082,26.4347,26.2365,26.4094,3052046
2016-08-23,26.6625,26.7131,26.4516,26.4769,2461846
2016-08-24,26.4938,26.5528,26.4179,26.4685,3086268
2016-08-25,26.4263,26.4347,26.2028,26.2323,2204049
2016-08-26,26.3082,26.5612,26.0172,26.1395,3465159
2016-08-29,26.1058,26.2492,26.0805,26.1817,1351817
2016-08-30,26.013,26.0805,25.7599,25.8359,3982012
2016-08-31,26.013,26.0425,25.7768,25.8527,3260637
2016-09-01,25.6503,25.6756,25.3719,25.4647,3630376
2016-09-02,25.878,26.1142,25.7768,26.0636,3845893
2016-09-06,25.7684,25.9033,25.7178,25.878,3043673
2016-09-07,25.7515,25.8004,25.4311,25.4985,4263677
2016-09-08,25.3466,25.5195,25.3129,25.4647,4732857
2016-09-09,25.3466,25.3466,24.9839,25.0261,5900774
2016-09-12,25.1695,25.7346,25.1067,25.6925,10641485
2016-09-13,25.3045,25.3045,24.8526,25.0177,7463183
2016-09-14,24.7225,24.9755,24.6634,24.8405,7009827
2016-09-15,24.7984,25.043,24.7351,24.9418,6105244
2016-09-16,24.5959,24.6204,24.326,24.4525,9224278
2016-09-19,24.849,24.8658,24.6044,24.6297,3744152
2016-09-20,24.8827,24.8912,24.6852,24.8068,5723157
2016-09-21,24.9418,25.2201,24.849,25.1948,5301135
2016-09-22,25.2032,25.2454,24.9418,24.9924,4759020
2016-09-23,24.5538,24.6212,24.5031,24.5875,6594085
2016-09-26,24.4188,24.5706,24.3176,24.52,5428168
2016-09-27,24.3935,24.7393,24.3345,24.6887,4164910
2016-09-28,24.8405,24.9418,24.714,24.8743,4487587
2016-09-29,24.9249,24.9333,24.4778,24.5622,4986249
2016-09-30,24.7309,24.7562,24.5369,24.5875,4732148
2016-10-03,24.5706,24.7393,24.4989,24.6212,4642995
2016-10-04,24.9165,25.0345,24.6465,24.714,5303789
2016-10-05,24.5959,24.6381,24.4525,24.5453,3865519
2016-10-06,24.0898,24.2164,24.0139,24.0814,5822411
2016-10-07,23.8537,23.9127,23.7193,23.7946,6465358
2016-10-10,23.8368,23.9886,23.7946,23.8368,5626416
2016-10-11,23.9043,23.9211,23.4488,23.491,6404251
2016-10-12,23.5585,23.5838,23.3307,23.5078,5754968
2016-10-13,23.3054,23.5416,23.2379,23.5078,8620148
2016-10-14,23.6091,23.6765,23.4488,23.4488,4220068
2016-10-17,23.3729,23.4994,23.3307,23.4572,4623622
2016-10-18,23.8537,23.9211,23.7271,23.744,4879789
2016-10-19,23.4994,23.5863,23.4151,23.4151,4196615
2016-10-20,23.3813,23.5289,23.356,23.4657,3737686
2016-10-21,23.297,23.4572,23.2632,23.4235,3569905
2016-10-24,23.3729,23.4151,23.3054,23.3391,4054605
2016-10-25,23.6091,23.6597,23.4404,23.5416,4641324
2016-10-26,23.4404,23.7103,23.4319,23.5838,5038693
2016-10-27,23.6681,23.685,23.491,23.491,3910421
2016-10-28,23.6259,23.7229,23.5585,23.6006,4901369
2016-10-31,23.3982,23.5669,23.356,23.4825,2600049
2016-11-01,23.3729,23.3982,23.1114,23.1873,5093716
2016-11-02,23.3223,23.3223,22.9975,23.0102,4291576
2016-11-03,23.2464,23.3307,23.0439,23.0692,4794788
2016-11-04,23.0102,23.0861,22.8668,22.8752,6969506
2016-11-07,22.8752,22.9933,22.774,22.9258,6533312
2016-11-08,22.8584,23.0692,22.7993,23.0102,3661019
2016-11-09,22.7234,23.1958,22.6559,23.0945,8458997
2016-11-10,22.6053,22.6475,22.192,22.3354,12993498
2016-11-11,22.2848,22.327,21.9727,22.0908,5846177
2016-11-14,21.9896,21.998,21.7281,21.8293,6364789
2016-11-15,21.6353,21.6775,21.3991,21.6184,8690180
2016-11-16,21.5425,21.8377,21.5425,21.7028,9871121
2016-11-17,21.9052,22.0149,21.8631,21.9727,7240100
2016-11-18,21.6944,21.7703,21.5847,21.669,4902855
2016-11-21,21.6522,21.7534,21.4835,21.5172,6265925
2016-11-22,22.0058,22.1198,21.9356,22.0847,5852692
2016-11-23,21.6286,21.883,21.5585,21.8216,8518073
2016-11-25,22.0233,22.1023,21.9795,22.0935,2991652
2016-11-28,21.6988,21.7339,21.4971,21.5146,8432377
2016-11-29,21.5672,21.6453,21.462,21.4795,6721725
2016-11-30,21.8041,21.8348,21.4357,21.4357,8209004
2016-12-01,21.5585,21.576,21.1989,21.3129,8672726
2016-12-02,21.3743,21.6023,21.3392,21.4357,7637625
2016-12-05,21.7076,21.7164,21.3129,21.3392,9630504
2016-12-06,21.4883,21.5848,21.348,21.4883,5550625
2016-12-07,21.6813,21.9093,21.6023,21.9005,6306905
2016-12-08,21.8567,22.0146,21.8129,21.9532,5143760
2016-12-09,21.997,22.1286,21.8742,22.1023,5329470
2016-12-12,22.0496,22.1987,21.9137,21.9532,6527552
2016-12-13,22.2601,22.4706,22.1987,22.3215,6850870
2016-12-14,22.3566,22.3566,21.9619,22.0321,6126646
2016-12-15,21.883,21.9093,21.6286,21.6462,5820546
2016-12-16,21.9532,22.1549,21.8391,22.1373,9570292
2016-12-19,22.1198,22.1724,22.0175,22.0409,5107147
2016-12-20,21.9619,21.9619,21.7865,21.8304,4835870
2016-12-21,21.8479,21.9005,21.6988,21.7427,5472200
2016-12-22,21.7427,21.7602,21.6286,21.6813,5072650
2016-12-23,21.69,21.7251,21.5585,21.6199,3643708
2016-12-27,21.6462,21.6637,21.4883,21.5234,4805506
2016-12-28,21.4708,21.5146,21.3392,21.3918,8334452
2016-12-29,21.6111,21.6286,21.4357,21.5146,8653098
2016-12-30,21.576,21.5892,21.3655,21.4269,6356102
2017-01-03,21.7865,21.9532,21.6988,21.8918,7692798
2017-01-04,22.1373,22.418,22.1198,22.3917,6592052
2017-01-05,22.6987,23.1021,22.6899,23.067,8265101
2017-01-06,22.9706,23.0934,22.9092,23.0056,6614857
2017-01-09,22.5233,22.532,22.3742,22.4356,6261203
2017-01-10,22.9267,22.953,22.725,22.8302,7575215
2017-01-11,22.9443,23.2819,22.8785,23.26,9948894
2017-01-12,23.1548,23.431,23.1021,23.374,7883357
2017-01-13,23.2161,23.3477,23.1679,23.2688,5874089
2017-01-17,22.7601,23.0407,22.7601,23.0144,10131941
2017-01-18,22.8215,22.8916,22.7513,22.7776,6165762
2017-01-19,22.6373,22.7338,22.5759,22.6636,5800221
2017-01-20,22.6285,22.6724,22.554,22.6197,4225991
2017-01-23,22.6548,22.7952,22.5145,22.7425,4155851
2017-01-24,22.1724,22.3566,22.0496,22.3215,7940386
2017-01-25,21.7514,21.769,21.5322,21.7514,12650723
2017-01-26,21.6199,21.6725,21.5146,21.6111,9071466
2017-01-27,21.5497,21.655,21.5059,21.5585,4627170
2017-01-30,21.883,21.9444,21.7427,21.8391,6400624
2017-01-31,21.7164,21.883,21.7076,21.8391,5196779
2017-02-01,21.9181,21.9225,21.6374,21.7514,4834050
2017-02-02,21.576,21.7164,21.5461,21.655,6006450
2017-02-03,21.5936,21.7076,21.5585,21.6023,4171160
2017-02-06,21.3743,21.4532,21.3304,21.4181,5074491
2017-02-07,21.4006,21.4883,21.3217,21.4445,4981435
2017-02-08,21.8041,21.9005,21.7251,21.8128,6124873
2017-02-09,22.2251,22.2426,22.1023,22.1812,6739839
2017-02-10,21.9532,22.0584,21.9005,21.9268,4150748
2017-02-13,21.9882,22.0058,21.7777,21.9181,3041132
2017-02-14,21.8304,21.883,21.7339,21.8216,3087483
2017-02-15,21.69,21.9663,21.6462,21.9532,4351612
2017-02-16,22.076,22.1724,22.0409,22.1198,4095063
2017-02-17,21.8304,22.0409,21.747,22.0233,4414961
2017-02-21,22.304,22.383,22.2075,22.3654,4930440
2017-02-22,22.418,22.4443,22.2864,22.3654,3922725
2017-02-23,22.4969,22.6285,22.4268,22.6022,4358578
2017-02-24,22.5496,22.6811,22.4969,22.5671,4245346
2017-02-27,22.2251,22.3522,22.2031,22.2864,3539196
2017-02-28,22.418,22.4846,22.2514,22.2864,3395469
2017-03-01,22.1286,22.2952,22.0935,22.19,3436192
2017-03-02,22.1023,22.2339,22.0716,22.1373,3302451
2017-03-03,22.1023,22.1856,21.9971,22.1637,4191461
2017-03-06,22.0935,22.0935,22.0058,22.0409,2859066
2017-03-07,21.9444,22.0409,21.9014,21.9619,2693172
2017-03-08,22.1023,22.1198,21.9444,21.9795,4647328
2017-03-09,22.0935,22.1198,21.9795,22.0935,5033396
2017-03-10,22.0321,22.1944,22.0233,22.1637,3908521
2017-03-13,22.1812,22.2251,22.0935,22.1987,4284906
2017-03-14,22.1461,22.19,22.076,22.1023,3310755
2017-03-15,22.1724,22.8565,22.1373,22.6987,12233428
2017-03-16,22.8829,23.146,22.8741,23.1372,7451212
2017-03-17,23.1811,23.3302,23.0846,23.2863,5186120
2017-03-20,23.3039,23.3916,23.1284,23.2249,4399822
2017-03-21,23.453,23.4793,23.2337,23.26,5146026
2017-03-22,23.0802,23.2951,22.9443,23.2688,7324480
2017-03-23,23.26,23.6284,23.2425,23.488,6729966
2017-03-24,23.5231,23.6635,23.4398,23.5757,5617395
2017-03-27,23.5494,23.6635,23.4968,23.6021,3907367
2017-03-28,23.4266,23.5012,23.3477,23.3652,3731336
2017-03-29,23.2512,23.4047,23.2337,23.3652,3251246
2017-03-30,23.1548,23.26,23.0846,23.1986,3638091
2017-03-31,23.1723,23.3214,23.1372,23.1811,3859030
2017-04-03,23.1548,23.1898,22.9296,23.0495,3103949
2017-04-04,22.9267,23.0144,22.8478,22.9355,3077662
2017-04-05,23.0144,23.0407,22.8602,22.8741,3148231
2017-04-06,22.6987,22.7513,22.611,22.6373,3399833
2017-04-07,22.4443,22.5145,22.4005,22.4443,4153132
2017-04-10,22.5847,22.6417,22.5233,22.5671,3296944
2017-04-11,22.6987,22.725,22.4794,22.6636,3213175
2017-04-12,22.725,22.8258,22.6548,22.8127,4351481
2017-04-13,22.7162,22.7952,22.6285,22.6285,2975116
2017-04-17,22.7601,22.8215,22.6899,22.7952,2820300
2017-04-18,22.839,22.8565,22.6548,22.8478,2548612
2017-04-19,22.8829,22.9355,22.6811,22.7162,3111847
2017-04-20,22.725,22.8302,22.6987,22.7425,2141301
2017-04-21,22.7513,22.7688,22.6154,22.6548,2656033
2017-04-24,22.9969,23.1109,22.9793,23.1021,3810205
2017-04-25,23.2074,23.2154,23.0758,23.0934,5025782
2017-04-26,23.1548,23.3039,23.1372,23.2249,3957618
2017-04-27,23.26,23.3126,23.1898,23.2161,3275600
2017-04-28,22.8039,22.9969,22.7118,22.9706,3915477
2017-05-01,23.0144,23.0232,22.9179,22.9881,2580009
2017-05-02,23.1635,23.2863,23.1284,23.2425,3610410
2017-05-03,23.4091,23.4442,23.2293,23.2775,3483818
2017-05-04,23.3126,23.4793,23.1986,23.4617,3008398
2017-05-05,23.6635,23.6985,23.5707,23.6898,4542494
2017-05-08,23.8827,23.8827,23.5757,23.6459,2520933
2017-05-09,23.567,23.6459,23.4354,23.6371,4631443
2017-05-10,23.7512,23.9178,23.6985,23.795,4290069
2017-05-11,23.6284,23.7161,23.567,23.6284,3743041
2017-05-12,24.1195,24.2511,24.0231,24.1897,5331663
2017-05-15,24.0932,24.2686,24.0494,24.1897,2741920
2017-05-16,25.2422,25.3562,25.0492,25.1633,6734544
2017-05-17,25.4176,25.6018,25.286,25.2948,7213333
2017-05-18,25.4176,25.5185,25.3036,25.4439,5801816
2017-05-19,25.5492,25.6193,25.4683,25.593,4601768
2017-05-22,25.9351,26.1368,25.9176,25.9789,5995095
2017-05-23,25.9789,26.014,25.8561,25.8737,3405983
2017-05-24,25.9614,26.0227,25.8912,25.9877,3408379
2017-05-25,26.2421,26.2947,26.1631,26.2333,5698452
2017-05-26,26.0579,26.3034,26.0491,26.2947,7251414
2017-05-30,26.1368,26.2771,26.0973,26.1894,8576714
2017-05-31,26.5227,26.6499,26.3313,26.5403,8448413
2017-06-01,26.6192,26.6367,26.2552,26.3824,4280581
2017-06-02,26.2947,26.4789,26.2157,26.4789,3667652
2017-06-05,26.3824,26.5315,26.3648,26.4701,2577275
2017-06-06,26.2508,26.5052,26.2333,26.4262,3896458
2017-06-07,26.5908,26.6455,26.3446,26.4632,3850074
2017-06-08,26.2808,26.299,26.0984,26.1531,3714678
2017-06-09,26.0254,26.144,25.8613,25.9525,4271670
2017-06-12,26.299,26.4176,26.2534,26.3446,4762274
2017-06-13,26.4996,26.4996,26.3355,26.4358,2391234
2017-06-14,26.5361,26.5908,26.2443,26.3173,3139780
2017-06-15,26.0254,26.1805,25.9981,26.1075,4272717
2017-06-16,26.2352,26.3811,26.1349,26.3446,4921043
2017-06-19,26.3446,26.3902,26.2625,26.3173,2755235
2017-06-20,26.3355,26.3537,25.9434,26.0072,3447778
2017-06-21,26.0802,26.1622,26.0118,26.0346,2950359
2017-06-22,26.2352,26.2671,26.144,26.2169,2591535
2017-06-23,26.2899,26.4176,26.2534,26.3081,1923845
2017-06-26,26.4996,26.5543,26.2352,26.2534,3535445
2017-06-27,26.1075,26.2443,26.071,26.1212,3569330
2017-06-28,26.2443,26.3993,26.2078,26.3446,4014616
2017-06-29,26.3811,26.4016,26.103,26.1896,3659805
2017-06-30,26.2808,26.2899,26.0437,26.1987,2861412
2017-07-03,26.0802,26.2261,26.0802,26.1531,1886062
2017-07-05,26.0528,26.1714,26.0072,26.0802,3047322
2017-07-06,26.1349,26.144,26.0072,26.0528,2077256
2017-07-07,26.0346,26.1805,25.9707,26.1531,2128315
2017-07-10,26.0802,26.2625,26.051,26.1896,1676034
2017-07-11,25.9616,25.9981,25.8157,25.8704,3186245
2017-07-12,26.1805,26.4221,26.1622,26.3537,3601243
2017-07-13,26.5543,26.5817,26.3355,26.4996,2342166
2017-07-14,26.454,26.5635,26.4176,26.5361,2255915
2017-07-17,26.5908,26.755,26.5908,26.6364,1846912
2017-07-18,26.4905,26.5908,26.3993,26.5726,1933781
2017-07-19,26.8006,26.8097,26.6911,26.7458,2332831
2017-07-20,26.9465,27.0285,26.8279,26.9556,3034593
2017-07-21,27.3021,27.3203,27.0285,27.1471,3616487
2017-07-24,26.7276,26.7732,26.5817,26.7185,2872165
2017-07-25,26.7458,26.7823,26.5179,26.5361,1802068
2017-07-26,26.5452,26.6455,26.4996,26.5999,2584528
2017-07-27,27.1106,27.1288,26.744,26.9191,3447401
2017-07-28,26.5999,26.8816,26.5908,26.8462,2316095
2017-07-31,26.9738,27.0924,26.9145,27.065,1966461
2017-08-01,27.2383,27.2474,27.0194,27.0285,1855435
2017-08-02,27.0012,27.0559,26.8781,27.0559,1655542
2017-08-03,26.9921,27.2474,26.9465,27.1471,1691826
2017-08-04,27.1836,27.22,27.1288,27.1836,3099701
2017-08-07,27.3386,27.3568,27.2383,27.2656,2001212
2017-08-08,27.0194,27.1471,26.9601,27.0103,2002343
2017-08-09,27.1836,27.3386,27.106,27.1927,3626209
2017-08-10,26.8917,26.8917,26.6911,26.7002,2675433
2017-08-11,26.5361,26.5726,26.3355,26.4449,5557519
2017-08-14,26.527,26.7686,26.5008,26.7094,2863410
2017-08-15,26.454,26.5179,26.3264,26.4723,2680877
2017-08-16,26.4176,26.4996,26.3902,26.454,2477702
2017-08-17,26.4358,26.4723,26.0437,26.0437,3513043
2017-08-18,26.1075,26.1531,25.989,26.0346,3242459
2017-08-21,26.1987,26.2808,26.1349,26.1714,2312679
2017-08-22,26.2078,26.3355,26.1623,26.2717,2341341
2017-08-23,26.1531,26.1805,26.0802,26.1075,2354782
2017-08-24,26.1075,26.1394,26.0163,26.0528,2092911
2017-08-25,26.1166,26.2625,26.0893,26.1805,1998184
2017-08-28,26.2078,26.2808,26.1166,26.1805,1432982
2017-08-29,25.8887,26.0528,25.8887,25.9525,2335128
2017-08-30,26.1258,26.2323,26.071,26.1896,3269819
2017-08-31,26.2261,26.4905,26.2261,26.4723,1978765
2017-09-01,26.5452,26.5543,26.2808,26.3081,2957617
2017-09-05,26.1349,26.1714,25.8203,25.8887,2717107
2017-09-06,26.0802,26.1349,25.9799,26.0072,2807120
2017-09-07,26.1622,26.1622,25.9434,25.9707,2913461
2017-09-08,26.0254,26.0802,25.9525,25.989,1520905
2017-09-11,26.144,26.4267,26.144,26.372,1905888
2017-09-12,26.2261,26.4084,26.2169,26.3355,1810125
2017-09-13,26.3173,26.3993,26.2169,26.2443,1821726
2017-09-14,26.1166,26.1622,25.9799,26.071,1683388
2017-09-15,25.9525,26.0072,25.8522,25.989,3880040
2017-09-18,26.1349,26.3036,26.0072,26.0984,2700796
2017-09-19,26.1349,26.4039,26.1121,26.3173,2411779
2017-09-20,26.4358,26.4814,26.1622,26.3173,2423972
2017-09-21,25.9981,26.1896,25.9861,26.0984,1617097
2017-09-22,26.1166,26.2169,26.0437,26.1166,2090836
2017-09-25,26.0437,26.1896,26.0209,26.0802,2749953
2017-09-26,26.0163,26.061,25.8522,25.9753,2011586
2017-09-27,25.8978,25.9706,25.7792,25.8613,2437972
2017-09-28,25.5148,25.688,25.4783,25.5877,4081150
2017-09-29,25.8066,25.9753,25.7245,25.9525,2253824
2017-10-02,25.9069,25.9525,25.7792,25.8704,2622586
2017-10-03,25.7975,25.916,25.7884,25.8978,3410515
2017-10-04,25.8978,25.9069,25.6352,25.6972,2414220
2017-10-05,25.4783,25.8157,25.4601,25.6698,4539932
2017-10-06,25.6698,25.6789,25.4965,25.5969,2472479
2017-10-09,25.7245,25.7336,25.5513,25.5877,2129601
2017-10-10,25.8704,26.1349,25.8613,26.071,3436771
2017-10-11,26.2352,26.2899,26.1486,26.2443,3044920
2017-10-12,26.2625,26.527,26.1714,26.4996,4929492
2017-10-13,26.6455,26.682,26.4814,26.5543,2570975
2017-10-16,26.4996,26.5726,26.3902,26.4449,2081109
2017-10-17,26.5179,26.527,26.3355,26.4358,1638976
2017-10-18,26.4267,26.4723,26.3264,26.4267,2201122
2017-10-19,26.4723,26.5698,26.3355,26.3811,1743828
2017-10-20,26.5452,26.5452,26.299,26.4267,1901152
2017-10-23,26.4814,26.4905,26.2625,26.3173,1680982
2017-10-24,26.2717,26.3537,26.2078,26.2443,1391868
2017-10-25,26.454,26.4768,26.1212,26.2169,3316016
2017-10-26,26.1714,26.2625,26.0528,26.1531,2479537
2017-10-27,26.0254,26.2343,25.9981,26.1896,1919039
2017-10-30,26.2808,26.4084,26.2101,26.2443,2620290
2017-10-31,26.3173,26.4632,26.1805,26.4267,1770480
2017-11-01,26.8006,26.9191,26.7185,26.7367,3114738
2017-11-02,26.7823,26.8553,26.6455,26.755,2021618
2017-11-03,26.6091,26.6182,26.372,26.5361,1918377
2017-11-06,26.6091,26.6455,26.5087,26.6364,1998226
2017-11-07,26.5452,26.579,26.3218,26.3902,2034752
2017-11-08,26.2078,26.3264,26.1166,26.2717,2468783
2017-11-09,26.5999,27.1288,26.5756,27.0559,11021269
2017-11-10,26.6638,26.8188,26.5908,26.7641,8388763
2017-11-13,26.1896,26.3264,26.1805,26.3081,9212590
2017-11-14,27.3568,27.9131,27.3295,27.7945,9634549
2017-11-15,27.9769,28.0681,27.8857,27.9951,10866336
2017-11-16,27.8492,28.0225,27.831,27.9404,5246282
2017-11-17,27.9495,28.2961,27.9039,28.2322,6858563
2017-11-20,28.1137,28.2687,28.1046,28.2049,3293306
2017-11-21,28.2049,28.2505,28.1137,28.141,3875082
2017-11-22,28.0981,28.3026,28.0331,28.2561,3096955
2017-11-24,28.4792,28.535,28.4049,28.4327,1603361
2017-11-27,28.4885,28.5071,28.2469,28.3026,2408054
2017-11-28,28.1818,28.4235,28.1539,28.4049,2703923
2017-11-29,28.4235,28.6001,28.4235,28.4606,3001242
2017-11-30,28.6372,28.7395,28.535,28.6093,3589145
2017-12-01,28.6001,28.6744,28.4839,28.5629,3071379
2017-12-04,28.693,28.7767,28.5257,28.5629,3156443
2017-12-05,28.6093,28.7116,28.4363,28.4513,2477763
2017-12-06,28.4792,28.535,28.3212,28.3305,2363672
2017-12-07,28.8417,29.0276,28.7024,28.851,4455134
2017-12-08,28.9997,29.0973,28.9096,29.0183,2398027
2017-12-11,28.9718,29.0834,28.9068,29.0462,2152129
2017-12-12,29.2414,29.3158,29.009,29.0462,2956888
2017-12-13,29.0555,29.2135,29.009,29.1252,2027542
2017-12-14,29.2135,29.2135,29.0183,29.0648,1864681
2017-12-15,28.8231,28.9439,28.7674,28.8789,2670220
2017-12-18,29.2693,29.3065,29.1763,29.2042,1919409
2017-12-19,29.2414,29.3808,29.167,29.2321,2685693
2017-12-20,29.2693,29.325,29.1577,29.1856,2436647
2017-12-21,29.2972,29.6736,29.2786,29.5388,3743231
2017-12-22,29.5295,29.6968,29.5295,29.6132,1969035
2017-12-26,29.4738,29.7247,29.4738,29.6132,1835083
2017-12-27,29.576,29.669,29.4552,29.4738,1529209
2017-12-28,29.6225,29.6875,29.576,29.6782,1646271
2017-12-29,29.6411,29.734,29.5992,29.6504,1327566
2018-01-02,29.892,29.9664,29.7294,29.9292,2414222
2018-01-03,29.734,29.8688,29.6225,29.734,2175597
2018-01-04,29.8641,30.0593,29.8456,30.0314,1779817
2018-01-05,30.1523,30.3196,30.0779,30.2824,1978590
2018-01-08,30.3661,30.4404,30.2359,30.3661,2622473
2018-01-09,30.2359,30.3289,30.143,30.301,1969905
2018-01-10,29.8827,29.892,29.4087,29.418,3677180
2018-01-11,28.7859,29.2414,28.7302,29.2228,3305337
2018-01-12,29.4924,29.6875,29.4552,29.6782,2897405
2018-01-16,29.892,30.0965,29.8827,30.05,3375047
2018-01-17,29.7154,29.7433,29.0741,29.1113,11250120
2018-01-18,29.3343,29.576,29.26,29.3529,6603568
2018-01-19,29.4366,29.5481,29.2693,29.3529,2934436
2018-01-22,29.7247,29.9013,29.7154,29.892,2695030
2018-01-23,30.0129,30.1244,29.8827,30.0407,2320383
2018-01-24,30.2452,30.301,30.0025,30.0872,2318173
2018-01-25,30.4218,30.4404,29.8641,29.9292,2229148
2018-01-26,30.0872,30.1244,29.9571,30.1151,1821352
2018-01-29,29.8641,29.9385,29.7712,29.827,1765218
2018-01-30,29.8734,29.9478,29.7247,29.7991,2195270
2018-01-31,29.8734,30.0193,29.7619,29.9478,2314815
2018-02-01,28.693,28.7209,28.3212,28.6372,6270964
2018-02-02,28.5443,29.5946,28.1818,28.8603,7957442
2018-02-05,27.8472,27.9122,26.9921,27.0571,9407887
2018-02-06,26.7783,27.5962,26.6481,27.5312,10301799
2018-02-07,27.3081,27.6055,27.178,27.3174,6541769
2018-02-08,27.4196,27.4475,26.3879,26.3972,7896914
2018-02-09,26.4623,26.6667,25.9046,26.5273,8580655
2018-02-12,26.5738,26.6481,26.2717,26.4437,4570469
2018-02-13,26.3042,26.3507,26.1741,26.3228,3934722
2018-02-14,26.1369,26.5273,26.0664,26.4623,3748803
2018-02-15,26.6203,26.769,26.4158,26.7225,2871849
2018-02-16,26.8712,27.1872,26.8619,26.9363,3070768
2018-02-20,26.8991,26.9316,26.5646,26.6296,3431661
2018-02-21,26.7504,26.7876,26.2485,26.2578,3938129
2018-02-22,26.2578,26.4901,26.2392,26.36,2286715
2018-02-23,26.7876,26.9595,26.6574,26.9177,2769327
2018-02-26,27.0199,27.1213,26.8749,27.0757,1928288
2018-02-27,26.7504,26.8619,26.5552,26.5645,2300276
2018-02-28,26.5459,26.6296,26.3135,26.3135,2196143
2018-03-01,26.2764,26.3321,25.8023,25.9417,4278261
2018-03-02,25.9046,26.0905,25.728,26.0719,2914174
2018-03-05,26.0347,26.4437,26.0254,26.36,2496775
2018-03-06,26.6296,26.6613,26.4901,26.5459,1846577
2018-03-07,26.7411,26.7968,26.453,26.611,2890194
2018-03-08,26.8991,27.0199,26.8248,26.9177,2733436
2018-03-09,26.8062,27.0106,26.6807,26.9921,1577951
2018-03-12,26.9642,27.0478,26.8805,26.9921,1743992
2018-03-13,26.6946,26.8062,26.5598,26.6203,3968986
2018-03-14,26.8155,26.8294,26.5223,26.7132,2403170
2018-03-15,26.4808,26.6574,26.3507,26.4344,2897304
2018-03-16,26.4808,26.6389,26.4204,26.4901,3102173
2018-03-19,26.5459,26.5645,26.1695,26.2857,2488255
2018-03-20,26.1276,26.1834,25.8953,25.9603,2543350
2018-03-21,26.1369,26.36,26.0005,26.1834,3730242
2018-03-22,25.6071,25.7094,25.4119,25.4305,4927344
2018-03-23,25.9789,26.0533,25.477,25.477,3845907
2018-03-26,25.9417,25.9743,25.5281,25.886,2961026
2018-03-27,25.951,26.0068,25.5235,25.6443,3592541
2018-03-28,25.57,25.951,25.5142,25.7187,3483611
2018-03-29,25.9789,26.0068,25.6648,25.8581,2770576
2018-04-02,25.8302,25.8488,25.3354,25.4863,2672636
2018-04-03,25.635,25.7977,25.471,25.728,2301920
2018-04-04,25.9325,26.3414,25.9046,26.3135,3145782
2018-04-05,26.6203,26.8526,26.5459,26.7504,3313342
2018-04-06,26.9921,27.0738,26.7132,26.7876,3569069
2018-04-09,27.1408,27.1826,26.8898,26.9084,2303448
2018-04-10,27.2895,27.48,27.2244,27.336,2866908
2018-04-11,27.5126,27.6055,27.3174,27.336,2852116
2018-04-12,27.559,27.7217,27.5404,27.6427,2063622
2018-04-13,27.717,27.7449,27.5813,27.6706,2216540
2018-04-16,27.7263,27.9215,27.6473,27.8844,2638124
2018-04-17,27.8286,27.8658,27.7078,27.7263,2756722
2018-04-18,27.717,27.7961,27.5962,27.6427,4698216
2018-04-19,27.6241,27.6799,27.3174,27.3824,2811046
2018-04-20,27.6892,27.8193,27.5404,27.6427,5931852
2018-04-23,27.7542,28.0703,27.7263,27.9494,2881536
2018-04-24,27.7914,27.8983,27.6017,27.7356,3123327
2018-04-25,27.4103,27.5219,27.2616,27.494,2407863
2018-04-26,27.7449,27.8797,27.6365,27.8193,2363001
2018-04-27,27.1872,27.4754,27.1222,27.4289,3732711
2018-04-30,27.4196,27.5126,27.3267,27.336,2676564
2018-05-01,27.2058,27.2151,26.9316,27.0757,1943638
2018-05-02,27.2616,27.3638,27.0106,27.0664,2638778
2018-05-03,26.8433,27.0013,26.6203,26.9456,3243217
2018-05-04,26.6667,26.8712,26.6389,26.8155,3179495
2018-05-07,26.8898,27.0106,26.7132,26.8062,2245660
2018-05-08,26.5552,26.5552,26.3693,26.5459,3777322
2018-05-09,26.8433,26.8712,26.6203,26.769,3179310
2018-05-10,26.6389,26.7783,26.518,26.7504,2769882
2018-05-11,26.9735,27.0106,26.7272,26.7411,2623472
2018-05-14,26.5831,26.6203,26.2903,26.3693,3889353
2018-05-15,25.2539,25.2911,25.0309,25.1331,7718014
2018-05-16,25.0123,25.0773,24.6684,24.7241,7044965
2018-05-17,24.7706,24.8914,24.6684,24.7334,4696265
2018-05-18,24.436,24.6079,24.3709,24.5475,5969184
2018-05-21,24.752,24.7985,24.5847,24.6684,2928683
2018-05-22,25.0773,25.1859,24.9844,25.0402,5456499
2018-05-23,24.9472,25.003,24.6219,24.7148,5612294
2018-05-24,24.5754,24.594,24.3895,24.4453,5631708
2018-05-25,24.3245,24.3895,24.185,24.3152,2916658
2018-05-29,23.9805,24.1571,23.9341,24.0828,3776169
2018-05-30,24.3616,24.3988,24.185,24.3245,3434509
2018-05-31,24.1386,24.1664,23.8597,24.1014,4255598
2018-06-01,24.2873,24.4639,24.2501,24.3988,3237355
2018-06-04,24.6962,24.8078,24.5289,24.5475,4038235
2018-06-05,24.5754,24.594,24.343,24.3895,2966049
2018-06-06,24.6033,24.6777,24.5507,24.6498,6358216
2018-06-07,24.8684,24.8684,24.4502,24.4891,7730294
2018-06-08,24.5863,24.6301,24.4599,24.5183,3457387
2018-06-11,24.7225,24.7711,24.6155,24.6544,3022665
2018-06-12,24.6641,24.6641,24.5183,24.5669,4215230
2018-06-13,24.3043,24.3238,24.0028,24.0125,7663087
2018-06-14,24.3821,24.4891,24.2362,24.2946,4100688
2018-06-15,23.9347,24.1001,23.8666,24.0612,4800565
2018-06-18,23.8472,23.9542,23.7791,23.818,4341589
2018-06-19,23.6041,23.9153,23.5943,23.8375,4042417
2018-06-20,24.1292,24.1487,23.8472,23.9153,3551050
2018-06-21,23.8375,23.8959,23.7433,23.7986,2490404
2018-06-22,24.1292,24.2654,24.1001,24.1876,3069706
2018-06-25,23.8958,23.9736,23.7986,23.8666,3486668
2018-06-26,23.6527,23.711,23.4582,23.643,3623443
2018-06-27,23.4679,23.6721,23.3804,23.3804,4280027
2018-06-28,23.4582,23.6332,23.3998,23.5749,2504222
2018-06-29,23.536,23.7791,23.5068,23.643,3101416
2018-07-02,23.4776,23.6235,23.429,23.5749,2829178
2018-07-03,23.8569,24.0125,23.818,23.8861,2453266
2018-07-05,24.3238,24.3675,24.207,24.2946,3497195
2018-07-06,24.6447,24.771,24.6058,24.6252,3839005
2018-07-09,24.5572,24.6252,24.4016,24.5085,3230275
2018-07-10,24.4405,24.5474,24.4113,24.528,2394649
2018-07-11,23.9639,24.0612,23.5846,23.6235,5211067
2018-07-12,23.6819,23.711,23.6041,23.6916,3112436
2018-07-13,23.5165,23.5652,23.4047,23.4971,4652111
2018-07-16,23.4193,23.6041,23.3901,23.5554,3123423
2018-07-17,23.2345,23.3415,23.1664,23.2248,3738847
2018-07-18,23.1187,23.1518,22.9427,23.0302,5658106
2018-07-19,22.6898,22.8455,22.6315,22.6412,6667103
2018-07-20,22.5926,22.9038,22.5926,22.8066,7245260
2018-07-23,22.9427,23.0108,22.826,22.8552,2822472
2018-07-24,22.9524,23.0497,22.7871,23.0302,4110621
2018-07-25,22.7677,22.933,22.612,22.8552,7912062
2018-07-26,22.9038,22.9524,22.7385,22.826,5004901
2018-07-27,23.215,23.3123,23.0983,23.1567,3903068
2018-07-30,23.322,24.2848,23.2053,24.207,12973992
2018-07-31,23.9931,24.0806,23.8375,23.8764,4194410
2018-08-01,23.8764,23.8764,23.6721,23.7597,2910264
2018-08-02,23.3706,23.3901,23.1956,23.3415,4496356
2018-08-03,23.4971,23.7791,23.4582,23.6819,4428663
2018-08-06,23.6624,23.8083,23.6041,23.6721,3017764
2018-08-07,23.8472,23.8861,23.6916,23.7305,2492592
2018-08-08,23.7694,23.7888,23.6332,23.7013,1819562
2018-08-09,23.536,23.5943,23.4701,23.5652,3106291
2018-08-10,22.9427,23.0789,22.8455,23.0497,5330304
2018-08-13,22.8357,22.9524,22.7385,22.826,4238703
2018-08-14,22.6315,22.6607,22.4662,22.5342,5253955
2018-08-15,22.048,22.1355,21.8534,22.1063,7332458
2018-08-16,22.0771,22.3495,22.0528,22.223,5969085
2018-08-17,22.0285,22.2086,21.9702,22.1549,3668889
2018-08-20,22.1647,22.3981,22.1404,22.3203,4401419
2018-08-21,22.4078,22.612,22.33,22.5342,3847500
2018-08-22,22.5731,22.5731,22.3786,22.5051,3851284
2018-08-23,22.4078,22.4224,22.1744,22.2133,3479667
2018-08-24,22.3008,22.3203,22.1793,22.2036,3678730
2018-08-27,22.3203,22.4856,22.3008,22.4662,3454222
2018-08-28,22.2619,22.3786,22.2327,22.2522,3859393
2018-08-29,21.9799,22.3932,21.9409,22.3495,6044631
2018-08-30,21.6784,21.727,21.2553,21.2796,8710715
2018-08-31,21.2407,21.2407,20.9198,21.017,19188592
2018-09-04,20.6961,20.769,20.5502,20.6669,10116019
2018-09-05,20.7642,20.9101,20.6183,20.7155,14944450
2018-09-06,21.0365,21.0851,20.7447,20.9003,8063169
2018-09-07,20.9976,21.0462,20.8225,20.8614,5507262
2018-09-10,21.2796,21.2796,21.0073,21.0559,5252967
2018-09-11,20.9879,21.2213,20.9101,21.2018,5356627
2018-09-12,21.0268,21.3963,21.0268,21.338,5850918
2018-09-13,21.6687,21.7221,21.5811,21.6589,6053360
2018-09-14,21.5617,21.6492,21.3994,21.62,5723489
2018-09-17,21.6395,21.8583,21.6141,21.7465,4784809
2018-09-18,21.7951,21.9896,21.7562,21.9313,4854448
2018-09-19,21.7465,21.9799,21.727,21.9215,4760802
2018-09-20,21.9896,22.0382,21.8583,21.9993,5967589
2018-09-21,21.8923,22.223,21.8729,22.1841,6747928
2018-09-24,22.2036,22.2425,21.9896,22.0285,4871036
2018-09-25,21.8826,21.9993,21.8534,21.9215,11630812
2018-09-26,21.5714,21.7756,21.5326,21.5909,10800134
2018-09-27,21.7854,21.9021,21.6054,21.6395,6600070
2018-09-28,21.1824,21.2505,21.0754,21.1046,6906972
2018-10-01,21.0851,21.124,20.7739,20.842,12410177
2018-10-02,20.5113,20.6183,20.4335,20.5308,17379947
2018-10-03,20.8906,20.9781,20.6183,20.6766,13561671
2018-10-04,20.7447,20.8225,20.6086,20.6183,13923612
2018-10-05,20.6086,20.6183,20.4335,20.5016,11323044
2018-10-08,19.9083,19.9472,19.6555,19.8013,14052468
2018-10-09,19.4318,19.5144,19.2762,19.2956,8900085
2018-10-10,19.8889,19.9229,19.529,19.529,8821850
2018-10-11,19.7916,19.8082,19.3053,19.4026,8837831
2018-10-12,19.6457,19.6457,19.2373,19.4415,8675899
2018-10-15,19.6555,19.9667,19.6214,19.8013,8126981
2018-10-16,19.8402,19.8986,19.6749,19.7916,6357739
2018-10-17,19.5096,19.7673,19.4901,19.636,7465394
2018-10-18,19.5582,19.625,19.3053,19.3637,6308101
2018-10-19,19.4123,19.7089,19.3929,19.6457,6267013
2018-10-22,19.354,19.4026,19.033,19.0525,7390258
2018-10-23,18.8969,18.926,18.5662,18.8288,10464032
2018-10-24,18.8969,18.9066,18.362,18.3717,7839311
2018-10-25,18.4009,18.5176,18.3425,18.3911,7652395
2018-10-26,18.2452,18.255,17.9438,18.1091,8748620
2018-10-29,18.5856,18.6489,18.1237,18.2744,7036940
2018-10-30,18.323,18.4592,18.1869,18.3425,7392473
2018-10-31,18.43,18.5176,18.3085,18.4106,6976911
2018-11-01,19.1595,19.2762,19.0525,19.2567,6416811
2018-11-02,19.2275,19.2567,18.8725,18.9163,10616514
2018-11-05,19.1108,19.2859,19.0136,19.1692,5577665
2018-11-06,18.8093,18.8191,18.5467,18.6051,8453551
2018-11-07,18.9552,19.033,18.8045,18.9747,12454450
2018-11-08,18.7802,18.8969,18.4884,18.5662,7163746
2018-11-09,18.255,18.3911,18.0896,18.2744,6041759
2018-11-12,18.1285,18.3425,18.0702,18.0799,6524848
2018-11-13,19.5485,19.918,19.4269,19.529,11543828
2018-11-14,20.2973,20.2973,19.6263,19.8111,14130992
2018-11-15,19.2567,19.3297,19.0816,19.3248,10265945
2018-11-16,19.1303,19.2713,18.9844,19.0622,6532378
2018-11-19,19.4512,19.5339,19.1789,19.2859,8167608
2018-11-20,19.4123,19.4512,18.8722,18.9747,8520636
2018-11-21,19.51,19.65,19.43,19.52,7544661
2018-11-23,19.9,19.97,19.68,19.72,5448270
2018-11-26,20.46,21.09,20.42,20.91,16211270
2018-11-27,21.04,21.39,20.96,21.24,15333758
2018-11-28,21.73,21.73,21.32,21.69,12939455
2018-11-29,21.31,21.44,21.23,21.31,8642708
2018-11-30,21.64,21.73,21.385,21.49,8275200
2018-12-03,21.5,21.5,21.18,21.26,6918534
2018-12-04,21.15,21.2,20.565,20.72,7870071
2018-12-06,20.73,20.77,20.33,20.75,7955194
2018-12-07,20.78,21.0,20.4,20.48,7508791
2018-12-10,20.3,20.31,19.89,20.14,8529579
2018-12-11,20.59,20.66,20.04,20.11,8807660
2018-12-12,20.56,20.65,20.4,20.44,8724339
2018-12-13,20.37,20.425,19.95,20.09,7939814
2018-12-14,19.99,20.18,19.9,20.12,7582488
2018-12-17,20.34,20.35,19.88,20.01,9965087
2018-12-18,20.01,20.07,19.755,19.84,8344461
2018-12-19,20.07,20.25,19.68,19.8,10357705
2018-12-20,20.2,20.35,19.8,20.0,11927461
2018-12-21,19.96,20.045,19.26,19.35,20478153
2018-12-24,19.44,19.48,19.0147,19.17,5303999
2018-12-26,19.18,19.57,18.94,19.56,9169447
2018-12-27,19.12,19.31,18.85,19.3,8466852
2018-12-28,19.63,19.65,19.46,19.51,8564994
2018-12-31,19.39,19.5,19.115,19.28,6924848
2019-01-02,19.3,19.79,19.19,19.72,5106866
2019-01-03,19.75,19.815,19.55,19.64,5659128
2019-01-04,19.87,20.07,19.83,20.03,5868316
2019-01-07,20.0,20.24,19.92,20.18,5996059
2019-01-08,19.85,19.9066,19.61,19.72,5844960
2019-01-09,19.36,19.58,19.205,19.51,5354310
2019-01-10,19.52,19.73,19.48,19.58,4408036
2019-01-11,19.49,19.82,19.4233,19.7,6235631
2019-01-14,19.28,19.35,19.12,19.28,6084824
2019-01-15,18.97,19.14,18.9202,19.04,4845051
2019-01-16,19.02,19.2,18.99,19.11,4211710
2019-01-17,19.0,19.24,18.98,19.19,4374819
2019-01-18,19.2,19.4,19.2,19.3,5476786
2019-01-22,19.21,19.2572,19.125,19.18,4847180
2019-01-23,19.49,19.685,19.47,19.51,4609956
2019-01-24,18.97,18.99,18.51,18.56,8141163
2019-01-25,18.09,18.14,17.86,17.97,10691918
2019-01-28,17.9,17.98,17.78,17.86,9255026
2019-01-29,17.95,17.98,17.7,17.76,5637532
2019-01-30,17.9,17.98,17.765,17.97,5634312
2019-01-31,18.15,18.29,18.0201,18.24,6403493
2019-02-01,18.04,18.24,18.0299,18.21,4915026
2019-02-04,17.98,18.11,17.9,18.05,4809175
2019-02-05,18.26,18.31,18.19,18.25,3373469
2019-02-06,18.51,18.6105,18.365,18.39,5584836
2019-02-07,18.245,18.29,18.01,18.05,4330981
2019-02-08,17.91,18.07,17.84,18.04,3847913
2019-02-11,18.19,18.2,18.07,18.12,3322197
2019-02-12,18.06,18.106,17.91,17.97,4833262
2019-02-13,18.01,18.09,17.9,17.93,4095914
2019-02-14,17.8,18.01,17.79,17.94,4574820
2019-02-15,18.13,18.27,18.06,18.26,5955910
2019-02-19,18.23,18.5166,18.2,18.44,4839200
2019-02-20,18.53,18.62,18.43,18.51,4700254
2019-02-21,18.29,18.44,18.21,18.28,3886994
2019-02-22,18.53,18.62,18.42,18.45,3426877
2019-02-25,18.48,18.495,18.1618,18.2,4276053
2019-02-26,18.06,18.13,17.99,17.99,5360431
2019-02-27,17.99,18.03,17.72,17.83,4699719
2019-02-28,17.85,17.91,17.79,17.85,4310575
2019-03-01,17.95,18.03,17.56,17.6,5938750
2019-03-04,17.4,17.44,17.05,17.07,11262427
2019-03-05,17.56,17.66,17.44,17.51,9537421
2019-03-06,17.82,17.82,17.52,17.64,6603960
2019-03-07,17.7,17.79,17.52,17.69,4086282
2019-03-08,17.86,17.91,17.69,17.83,4983400
2019-03-11,17.91,18.24,17.86,18.19,4792089
2019-03-12,18.1,18.27,18.05,18.16,3867827
2019-03-13,18.37,18.46,18.195,18.42,6049111
2019-03-14,18.6,18.645,18.53,18.59,3807149
2019-03-15,18.9,19.06,18.8501,19.04,6516926
2019-03-18,19.07,19.11,18.94,19.09,2958555
2019-03-19,19.29,19.33,19.17,19.23,3800314
2019-03-20,19.25,19.4,19.14,19.27,5852492
2019-03-21,19.27,19.28,19.0,19.11,6842302
2019-03-22,19.13,19.19,18.8935,18.94,9118803
2019-03-25,18.89,18.97,18.515,18.59,6215915
2019-03-26,18.8,18.9065,18.74,18.88,4653114
2019-03-27,18.76,18.78,18.54,18.59,3537086
2019-03-28,18.41,18.43,18.04,18.13,3990514
2019-03-29,18.07,18.19,17.965,18.18,4047439
2019-04-01,18.56,18.68,18.46,18.6,4132485
2019-04-02,18.47,18.59,18.4345,18.56,3178185
2019-04-03,18.8,18.92,18.795,18.88,3666475
2019-04-04,18.79,18.9376,18.78,18.87,2840861
2019-04-05,18.31,18.4,18.23,18.35,4058907
2019-04-08,18.39,18.4,18.22,18.35,2847102
2019-04-09,18.36,18.38,18.27,18.29,2397468
2019-04-10,18.3,18.35,18.23,18.25,3560990
2019-04-11,18.2,18.22,18.0,18.08,4566853
2019-04-12,18.33,18.43,18.31,18.34,3342782
2019-04-15,18.52,18.67,18.45,18.61,3600077
2019-04-16,18.77,18.78,18.55,18.59,2780513
2019-04-17,18.69,18.7859,18.61,18.71,3501123
2019-04-18,18.56,18.58,18.44,18.515,2492351
2019-04-22,18.51,18.527,18.38,18.41,1968943
2019-04-23,18.48,18.49,18.21,18.31,3361790
2019-04-24,18.11,18.15,17.95,17.97,3905374
2019-04-25,17.9,18.0019,17.82,17.96,2426004
2019-04-26,18.27,18.37,18.2,18.37,2936946
2019-04-29,18.49,18.56,18.43,18.52,2420754
2019-04-30,18.48,18.585,18.355,18.52,2475110
2019-05-01,18.56,18.56,18.34,18.44,2783705
2019-05-02,18.44,18.461,18.3,18.4,3310567
2019-05-03,18.3,18.46,18.3,18.46,2709769
